v,h,i,g,h
v,h,i,g,h
2
m,o,r,e
s,m,a,l,l
l,o,w
u,n,a,c,c
v,h,i,g,h
v,h,i,g,h
2
m,o,r,e
s,m,a,l,l
m,e,d
u,n,a,c,c
v,h,i,g,h
v,h,i,g,h
2
m,o,r,e
s,m,a,l,l
h,i,g,h
u,n,a,c,c
v,h,i,g,h
v,h,i,g,h
2
m,o,r,e
m,e,d
l,o,w
u,n,a,c,c
v,h,i,g,h
v,h,i,g,h
2
m,o,r,e
m,e,d
m,e,d
u,n,a,c,c
v,h,i,g,h
v,h,i,g,h
2
m,o,r,e
m,e,d
h,i,g,h
u,n,a,c,c
v,h,i,g,h
v,h,i,g,h
2
m,o,r,e
b,i,g
l,o,w
u,n,a,c,c
v,h,i,g,h
v,h,i,g,h
2
m,o,r,e
b,i,g
m,e,d
u,n,a,c,c
v,h,i,g,h
v,h,i,g,h
2
m,o,r,e
b,i,g
h,i,g,h
u,n,a,c,c
v,h,i,g,h
v,h,i,g,h
3
m,o,r,e
s,m,a,l,l
l,o,w
u,n,a,c,c
v,h,i,g,h
v,h,i,g,h
3
m,o,r,e
s,m,a,l,l
m,e,d
u,n,a,c,c
v,h,i,g,h
v,h,i,g,h
3
m,o,r,e
s,m,a,l,l
h,i,g,h
u,n,a,c,c
v,h,i,g,h
v,h,i,g,h
3
m,o,r,e
m,e,d
l,o,w
u,n,a,c,c
v,h,i,g,h
v,h,i,g,h
3
m,o,r,e
m,e,d
m,e,d
u,n,a,c,c
v,h,i,g,h
v,h,i,g,h
3
m,o,r,e
m,e,d
h,i,g,h
u,n,a,c,c
v,h,i,g,h
v,h,i,g,h
3
m,o,r,e
b,i,g
l,o,w
u,n,a,c,c
v,h,i,g,h
v,h,i,g,h
3
m,o,r,e
b,i,g
m,e,d
u,n,a,c,c
v,h,i,g,h
v,h,i,g,h
3
m,o,r,e
b,i,g
h,i,g,h
u,n,a,c,c
v,h,i,g,h
v,h,i,g,h
4
m,o,r,e
s,m,a,l,l
l,o,w
u,n,a,c,c
v,h,i,g,h
v,h,i,g,h
4
m,o,r,e
s,m,a,l,l
m,e,d
u,n,a,c,c
v,h,i,g,h
v,h,i,g,h
4
m,o,r,e
s,m,a,l,l
h,i,g,h
u,n,a,c,c
v,h,i,g,h
v,h,i,g,h
4
m,o,r,e
m,e,d
l,o,w
u,n,a,c,c
v,h,i,g,h
v,h,i,g,h
4
m,o,r,e
m,e,d
m,e,d
u,n,a,c,c
v,h,i,g,h
v,h,i,g,h
4
m,o,r,e
m,e,d
h,i,g,h
u,n,a,c,c
v,h,i,g,h
v,h,i,g,h
4
m,o,r,e
b,i,g
l,o,w
u,n,a,c,c
v,h,i,g,h
v,h,i,g,h
4
m,o,r,e
b,i,g
m,e,d
u,n,a,c,c
v,h,i,g,h
v,h,i,g,h
4
m,o,r,e
b,i,g
h,i,g,h
u,n,a,c,c
v,h,i,g,h
v,h,i,g,h
5,m,o,r,e
m,o,r,e
s,m,a,l,l
l,o,w
u,n,a,c,c
v,h,i,g,h
v,h,i,g,h
5,m,o,r,e
m,o,r,e
s,m,a,l,l
m,e,d
u,n,a,c,c
v,h,i,g,h
v,h,i,g,h
5,m,o,r,e
m,o,r,e
s,m,a,l,l
h,i,g,h
u,n,a,c,c
v,h,i,g,h
v,h,i,g,h
5,m,o,r,e
m,o,r,e
m,e,d
l,o,w
u,n,a,c,c
v,h,i,g,h
v,h,i,g,h
5,m,o,r,e
m,o,r,e
m,e,d
m,e,d
u,n,a,c,c
v,h,i,g,h
v,h,i,g,h
5,m,o,r,e
m,o,r,e
m,e,d
h,i,g,h
u,n,a,c,c
v,h,i,g,h
v,h,i,g,h
5,m,o,r,e
m,o,r,e
b,i,g
l,o,w
u,n,a,c,c
v,h,i,g,h
v,h,i,g,h
5,m,o,r,e
m,o,r,e
b,i,g
m,e,d
u,n,a,c,c
v,h,i,g,h
v,h,i,g,h
5,m,o,r,e
m,o,r,e
b,i,g
h,i,g,h
u,n,a,c,c
v,h,i,g,h
h,i,g,h
2
m,o,r,e
s,m,a,l,l
l,o,w
u,n,a,c,c
v,h,i,g,h
h,i,g,h
2
m,o,r,e
s,m,a,l,l
m,e,d
u,n,a,c,c
v,h,i,g,h
h,i,g,h
2
m,o,r,e
s,m,a,l,l
h,i,g,h
u,n,a,c,c
v,h,i,g,h
h,i,g,h
2
m,o,r,e
m,e,d
l,o,w
u,n,a,c,c
v,h,i,g,h
h,i,g,h
2
m,o,r,e
m,e,d
m,e,d
u,n,a,c,c
v,h,i,g,h
h,i,g,h
2
m,o,r,e
m,e,d
h,i,g,h
u,n,a,c,c
v,h,i,g,h
h,i,g,h
2
m,o,r,e
b,i,g
l,o,w
u,n,a,c,c
v,h,i,g,h
h,i,g,h
2
m,o,r,e
b,i,g
m,e,d
u,n,a,c,c
v,h,i,g,h
h,i,g,h
2
m,o,r,e
b,i,g
h,i,g,h
u,n,a,c,c
v,h,i,g,h
h,i,g,h
3
m,o,r,e
s,m,a,l,l
l,o,w
u,n,a,c,c
v,h,i,g,h
h,i,g,h
3
m,o,r,e
s,m,a,l,l
m,e,d
u,n,a,c,c
v,h,i,g,h
h,i,g,h
3
m,o,r,e
s,m,a,l,l
h,i,g,h
u,n,a,c,c
v,h,i,g,h
h,i,g,h
3
m,o,r,e
m,e,d
l,o,w
u,n,a,c,c
v,h,i,g,h
h,i,g,h
3
m,o,r,e
m,e,d
m,e,d
u,n,a,c,c
v,h,i,g,h
h,i,g,h
3
m,o,r,e
m,e,d
h,i,g,h
u,n,a,c,c
v,h,i,g,h
h,i,g,h
3
m,o,r,e
b,i,g
l,o,w
u,n,a,c,c
v,h,i,g,h
h,i,g,h
3
m,o,r,e
b,i,g
m,e,d
u,n,a,c,c
v,h,i,g,h
h,i,g,h
3
m,o,r,e
b,i,g
h,i,g,h
u,n,a,c,c
v,h,i,g,h
h,i,g,h
4
m,o,r,e
s,m,a,l,l
l,o,w
u,n,a,c,c
v,h,i,g,h
h,i,g,h
4
m,o,r,e
s,m,a,l,l
m,e,d
u,n,a,c,c
v,h,i,g,h
h,i,g,h
4
m,o,r,e
s,m,a,l,l
h,i,g,h
u,n,a,c,c
v,h,i,g,h
h,i,g,h
4
m,o,r,e
m,e,d
l,o,w
u,n,a,c,c
v,h,i,g,h
h,i,g,h
4
m,o,r,e
m,e,d
m,e,d
u,n,a,c,c
v,h,i,g,h
h,i,g,h
4
m,o,r,e
m,e,d
h,i,g,h
u,n,a,c,c
v,h,i,g,h
h,i,g,h
4
m,o,r,e
b,i,g
l,o,w
u,n,a,c,c
v,h,i,g,h
h,i,g,h
4
m,o,r,e
b,i,g
m,e,d
u,n,a,c,c
v,h,i,g,h
h,i,g,h
4
m,o,r,e
b,i,g
h,i,g,h
u,n,a,c,c
v,h,i,g,h
h,i,g,h
5,m,o,r,e
m,o,r,e
s,m,a,l,l
l,o,w
u,n,a,c,c
v,h,i,g,h
h,i,g,h
5,m,o,r,e
m,o,r,e
s,m,a,l,l
m,e,d
u,n,a,c,c
v,h,i,g,h
h,i,g,h
5,m,o,r,e
m,o,r,e
s,m,a,l,l
h,i,g,h
u,n,a,c,c
v,h,i,g,h
h,i,g,h
5,m,o,r,e
m,o,r,e
m,e,d
l,o,w
u,n,a,c,c
v,h,i,g,h
h,i,g,h
5,m,o,r,e
m,o,r,e
m,e,d
m,e,d
u,n,a,c,c
v,h,i,g,h
h,i,g,h
5,m,o,r,e
m,o,r,e
m,e,d
h,i,g,h
u,n,a,c,c
v,h,i,g,h
h,i,g,h
5,m,o,r,e
m,o,r,e
b,i,g
l,o,w
u,n,a,c,c
v,h,i,g,h
h,i,g,h
5,m,o,r,e
m,o,r,e
b,i,g
m,e,d
u,n,a,c,c
v,h,i,g,h
h,i,g,h
5,m,o,r,e
m,o,r,e
b,i,g
h,i,g,h
u,n,a,c,c
v,h,i,g,h
m,e,d
2
m,o,r,e
s,m,a,l,l
l,o,w
u,n,a,c,c
v,h,i,g,h
m,e,d
2
m,o,r,e
s,m,a,l,l
m,e,d
u,n,a,c,c
v,h,i,g,h
m,e,d
2
m,o,r,e
s,m,a,l,l
h,i,g,h
u,n,a,c,c
v,h,i,g,h
m,e,d
2
m,o,r,e
m,e,d
l,o,w
u,n,a,c,c
v,h,i,g,h
m,e,d
2
m,o,r,e
m,e,d
m,e,d
u,n,a,c,c
v,h,i,g,h
m,e,d
2
m,o,r,e
m,e,d
h,i,g,h
a,c,c
v,h,i,g,h
m,e,d
2
m,o,r,e
b,i,g
l,o,w
u,n,a,c,c
v,h,i,g,h
m,e,d
2
m,o,r,e
b,i,g
m,e,d
a,c,c
v,h,i,g,h
m,e,d
2
m,o,r,e
b,i,g
h,i,g,h
a,c,c
v,h,i,g,h
m,e,d
3
m,o,r,e
s,m,a,l,l
l,o,w
u,n,a,c,c
v,h,i,g,h
m,e,d
3
m,o,r,e
s,m,a,l,l
m,e,d
u,n,a,c,c
v,h,i,g,h
m,e,d
3
m,o,r,e
s,m,a,l,l
h,i,g,h
a,c,c
v,h,i,g,h
m,e,d
3
m,o,r,e
m,e,d
l,o,w
u,n,a,c,c
v,h,i,g,h
m,e,d
3
m,o,r,e
m,e,d
m,e,d
a,c,c
v,h,i,g,h
m,e,d
3
m,o,r,e
m,e,d
h,i,g,h
a,c,c
v,h,i,g,h
m,e,d
3
m,o,r,e
b,i,g
l,o,w
u,n,a,c,c
v,h,i,g,h
m,e,d
3
m,o,r,e
b,i,g
m,e,d
a,c,c
v,h,i,g,h
m,e,d
3
m,o,r,e
b,i,g
h,i,g,h
a,c,c
v,h,i,g,h
m,e,d
4
4
s,m,a,l,l
l,o,w
u,n,a,c,c
v,h,i,g,h
m,e,d
4
4
s,m,a,l,l
m,e,d
u,n,a,c,c
v,h,i,g,h
m,e,d
4
4
s,m,a,l,l
h,i,g,h
a,c,c
v,h,i,g,h
m,e,d
4
4
m,e,d
l,o,w
u,n,a,c,c
v,h,i,g,h
m,e,d
4
4
m,e,d
m,e,d
a,c,c
v,h,i,g,h
m,e,d
4
4
m,e,d
h,i,g,h
a,c,c
v,h,i,g,h
m,e,d
4
4
b,i,g
l,o,w
u,n,a,c,c
v,h,i,g,h
m,e,d
4
4
b,i,g
m,e,d
a,c,c
v,h,i,g,h
m,e,d
4
4
b,i,g
h,i,g,h
a,c,c
v,h,i,g,h
m,e,d
4
m,o,r,e
s,m,a,l,l
l,o,w
u,n,a,c,c
v,h,i,g,h
m,e,d
4
m,o,r,e
s,m,a,l,l
m,e,d
u,n,a,c,c
v,h,i,g,h
m,e,d
4
m,o,r,e
s,m,a,l,l
h,i,g,h
a,c,c
v,h,i,g,h
m,e,d
4
m,o,r,e
m,e,d
l,o,w
u,n,a,c,c
v,h,i,g,h
m,e,d
4
m,o,r,e
m,e,d
m,e,d
a,c,c
v,h,i,g,h
m,e,d
4
m,o,r,e
m,e,d
h,i,g,h
a,c,c
v,h,i,g,h
m,e,d
4
m,o,r,e
b,i,g
l,o,w
u,n,a,c,c
v,h,i,g,h
m,e,d
4
m,o,r,e
b,i,g
m,e,d
a,c,c
v,h,i,g,h
m,e,d
4
m,o,r,e
b,i,g
h,i,g,h
a,c,c
v,h,i,g,h
m,e,d
5,m,o,r,e
m,o,r,e
s,m,a,l,l
l,o,w
u,n,a,c,c
v,h,i,g,h
m,e,d
5,m,o,r,e
m,o,r,e
s,m,a,l,l
m,e,d
u,n,a,c,c
v,h,i,g,h
m,e,d
5,m,o,r,e
m,o,r,e
s,m,a,l,l
h,i,g,h
a,c,c
v,h,i,g,h
m,e,d
5,m,o,r,e
m,o,r,e
m,e,d
l,o,w
u,n,a,c,c
v,h,i,g,h
m,e,d
5,m,o,r,e
m,o,r,e
m,e,d
m,e,d
a,c,c
v,h,i,g,h
m,e,d
5,m,o,r,e
m,o,r,e
m,e,d
h,i,g,h
a,c,c
v,h,i,g,h
m,e,d
5,m,o,r,e
m,o,r,e
b,i,g
l,o,w
u,n,a,c,c
v,h,i,g,h
m,e,d
5,m,o,r,e
m,o,r,e
b,i,g
m,e,d
a,c,c
v,h,i,g,h
m,e,d
5,m,o,r,e
m,o,r,e
b,i,g
h,i,g,h
a,c,c
v,h,i,g,h
l,o,w
2
m,o,r,e
s,m,a,l,l
l,o,w
u,n,a,c,c
v,h,i,g,h
l,o,w
2
m,o,r,e
s,m,a,l,l
m,e,d
u,n,a,c,c
v,h,i,g,h
l,o,w
2
m,o,r,e
s,m,a,l,l
h,i,g,h
u,n,a,c,c
v,h,i,g,h
l,o,w
2
m,o,r,e
m,e,d
l,o,w
u,n,a,c,c
v,h,i,g,h
l,o,w
2
m,o,r,e
m,e,d
m,e,d
u,n,a,c,c
v,h,i,g,h
l,o,w
2
m,o,r,e
m,e,d
h,i,g,h
a,c,c
v,h,i,g,h
l,o,w
2
m,o,r,e
b,i,g
l,o,w
u,n,a,c,c
v,h,i,g,h
l,o,w
2
m,o,r,e
b,i,g
m,e,d
a,c,c
v,h,i,g,h
l,o,w
2
m,o,r,e
b,i,g
h,i,g,h
a,c,c
v,h,i,g,h
l,o,w
3
m,o,r,e
s,m,a,l,l
l,o,w
u,n,a,c,c
v,h,i,g,h
l,o,w
3
m,o,r,e
s,m,a,l,l
m,e,d
u,n,a,c,c
v,h,i,g,h
l,o,w
3
m,o,r,e
s,m,a,l,l
h,i,g,h
a,c,c
v,h,i,g,h
l,o,w
3
m,o,r,e
m,e,d
l,o,w
u,n,a,c,c
v,h,i,g,h
l,o,w
3
m,o,r,e
m,e,d
m,e,d
a,c,c
v,h,i,g,h
l,o,w
3
m,o,r,e
m,e,d
h,i,g,h
a,c,c
v,h,i,g,h
l,o,w
3
m,o,r,e
b,i,g
l,o,w
u,n,a,c,c
v,h,i,g,h
l,o,w
3
m,o,r,e
b,i,g
m,e,d
a,c,c
v,h,i,g,h
l,o,w
3
m,o,r,e
b,i,g
h,i,g,h
a,c,c
v,h,i,g,h
l,o,w
4
m,o,r,e
s,m,a,l,l
l,o,w
u,n,a,c,c
v,h,i,g,h
l,o,w
4
m,o,r,e
s,m,a,l,l
m,e,d
u,n,a,c,c
v,h,i,g,h
l,o,w
4
m,o,r,e
s,m,a,l,l
h,i,g,h
a,c,c
v,h,i,g,h
l,o,w
4
m,o,r,e
m,e,d
l,o,w
u,n,a,c,c
v,h,i,g,h
l,o,w
4
m,o,r,e
m,e,d
m,e,d
a,c,c
v,h,i,g,h
l,o,w
4
m,o,r,e
m,e,d
h,i,g,h
a,c,c
v,h,i,g,h
l,o,w
4
m,o,r,e
b,i,g
l,o,w
u,n,a,c,c
v,h,i,g,h
l,o,w
4
m,o,r,e
b,i,g
m,e,d
a,c,c
v,h,i,g,h
l,o,w
4
m,o,r,e
b,i,g
h,i,g,h
a,c,c
v,h,i,g,h
l,o,w
5,m,o,r,e
m,o,r,e
s,m,a,l,l
l,o,w
u,n,a,c,c
v,h,i,g,h
l,o,w
5,m,o,r,e
m,o,r,e
s,m,a,l,l
m,e,d
u,n,a,c,c
v,h,i,g,h
l,o,w
5,m,o,r,e
m,o,r,e
s,m,a,l,l
h,i,g,h
a,c,c
v,h,i,g,h
l,o,w
5,m,o,r,e
m,o,r,e
m,e,d
l,o,w
u,n,a,c,c
v,h,i,g,h
l,o,w
5,m,o,r,e
m,o,r,e
m,e,d
m,e,d
a,c,c
v,h,i,g,h
l,o,w
5,m,o,r,e
m,o,r,e
m,e,d
h,i,g,h
a,c,c
v,h,i,g,h
l,o,w
5,m,o,r,e
m,o,r,e
b,i,g
l,o,w
u,n,a,c,c
v,h,i,g,h
l,o,w
5,m,o,r,e
m,o,r,e
b,i,g
m,e,d
a,c,c
v,h,i,g,h
l,o,w
5,m,o,r,e
m,o,r,e
b,i,g
h,i,g,h
a,c,c
h,i,g,h
v,h,i,g,h
2
m,o,r,e
s,m,a,l,l
l,o,w
u,n,a,c,c
h,i,g,h
v,h,i,g,h
2
m,o,r,e
s,m,a,l,l
m,e,d
u,n,a,c,c
h,i,g,h
v,h,i,g,h
2
m,o,r,e
s,m,a,l,l
h,i,g,h
u,n,a,c,c
h,i,g,h
v,h,i,g,h
2
m,o,r,e
m,e,d
l,o,w
u,n,a,c,c
h,i,g,h
v,h,i,g,h
2
m,o,r,e
m,e,d
m,e,d
u,n,a,c,c
h,i,g,h
v,h,i,g,h
2
m,o,r,e
m,e,d
h,i,g,h
u,n,a,c,c
h,i,g,h
v,h,i,g,h
2
m,o,r,e
b,i,g
l,o,w
u,n,a,c,c
h,i,g,h
v,h,i,g,h
2
m,o,r,e
b,i,g
m,e,d
u,n,a,c,c
h,i,g,h
v,h,i,g,h
2
m,o,r,e
b,i,g
h,i,g,h
u,n,a,c,c
h,i,g,h
v,h,i,g,h
3
m,o,r,e
s,m,a,l,l
l,o,w
u,n,a,c,c
h,i,g,h
v,h,i,g,h
3
m,o,r,e
s,m,a,l,l
m,e,d
u,n,a,c,c
h,i,g,h
v,h,i,g,h
3
m,o,r,e
s,m,a,l,l
h,i,g,h
u,n,a,c,c
h,i,g,h
v,h,i,g,h
3
m,o,r,e
m,e,d
l,o,w
u,n,a,c,c
h,i,g,h
v,h,i,g,h
3
m,o,r,e
m,e,d
m,e,d
u,n,a,c,c
h,i,g,h
v,h,i,g,h
3
m,o,r,e
m,e,d
h,i,g,h
u,n,a,c,c
h,i,g,h
v,h,i,g,h
3
m,o,r,e
b,i,g
l,o,w
u,n,a,c,c
h,i,g,h
v,h,i,g,h
3
m,o,r,e
b,i,g
m,e,d
u,n,a,c,c
h,i,g,h
v,h,i,g,h
3
m,o,r,e
b,i,g
h,i,g,h
u,n,a,c,c
h,i,g,h
v,h,i,g,h
4
m,o,r,e
s,m,a,l,l
l,o,w
u,n,a,c,c
h,i,g,h
v,h,i,g,h
4
m,o,r,e
s,m,a,l,l
m,e,d
u,n,a,c,c
h,i,g,h
v,h,i,g,h
4
m,o,r,e
s,m,a,l,l
h,i,g,h
u,n,a,c,c
h,i,g,h
v,h,i,g,h
4
m,o,r,e
m,e,d
l,o,w
u,n,a,c,c
h,i,g,h
v,h,i,g,h
4
m,o,r,e
m,e,d
m,e,d
u,n,a,c,c
h,i,g,h
v,h,i,g,h
4
m,o,r,e
m,e,d
h,i,g,h
u,n,a,c,c
h,i,g,h
v,h,i,g,h
4
m,o,r,e
b,i,g
l,o,w
u,n,a,c,c
h,i,g,h
v,h,i,g,h
4
m,o,r,e
b,i,g
m,e,d
u,n,a,c,c
h,i,g,h
v,h,i,g,h
4
m,o,r,e
b,i,g
h,i,g,h
u,n,a,c,c
h,i,g,h
v,h,i,g,h
5,m,o,r,e
m,o,r,e
s,m,a,l,l
l,o,w
u,n,a,c,c
h,i,g,h
v,h,i,g,h
5,m,o,r,e
m,o,r,e
s,m,a,l,l
m,e,d
u,n,a,c,c
h,i,g,h
v,h,i,g,h
5,m,o,r,e
m,o,r,e
s,m,a,l,l
h,i,g,h
u,n,a,c,c
h,i,g,h
v,h,i,g,h
5,m,o,r,e
m,o,r,e
m,e,d
l,o,w
u,n,a,c,c
h,i,g,h
v,h,i,g,h
5,m,o,r,e
m,o,r,e
m,e,d
m,e,d
u,n,a,c,c
h,i,g,h
v,h,i,g,h
5,m,o,r,e
m,o,r,e
m,e,d
h,i,g,h
u,n,a,c,c
h,i,g,h
v,h,i,g,h
5,m,o,r,e
m,o,r,e
b,i,g
l,o,w
u,n,a,c,c
h,i,g,h
v,h,i,g,h
5,m,o,r,e
m,o,r,e
b,i,g
m,e,d
u,n,a,c,c
h,i,g,h
v,h,i,g,h
5,m,o,r,e
m,o,r,e
b,i,g
h,i,g,h
u,n,a,c,c
h,i,g,h
h,i,g,h
2
m,o,r,e
s,m,a,l,l
l,o,w
u,n,a,c,c
h,i,g,h
h,i,g,h
2
m,o,r,e
s,m,a,l,l
m,e,d
u,n,a,c,c
h,i,g,h
h,i,g,h
2
m,o,r,e
s,m,a,l,l
h,i,g,h
u,n,a,c,c
h,i,g,h
h,i,g,h
2
m,o,r,e
m,e,d
l,o,w
u,n,a,c,c
h,i,g,h
h,i,g,h
2
m,o,r,e
m,e,d
m,e,d
u,n,a,c,c
h,i,g,h
h,i,g,h
2
m,o,r,e
m,e,d
h,i,g,h
a,c,c
h,i,g,h
h,i,g,h
2
m,o,r,e
b,i,g
l,o,w
u,n,a,c,c
h,i,g,h
h,i,g,h
2
m,o,r,e
b,i,g
m,e,d
a,c,c
h,i,g,h
h,i,g,h
2
m,o,r,e
b,i,g
h,i,g,h
a,c,c
h,i,g,h
h,i,g,h
3
m,o,r,e
s,m,a,l,l
l,o,w
u,n,a,c,c
h,i,g,h
h,i,g,h
3
m,o,r,e
s,m,a,l,l
m,e,d
u,n,a,c,c
h,i,g,h
h,i,g,h
3
m,o,r,e
s,m,a,l,l
h,i,g,h
a,c,c
h,i,g,h
h,i,g,h
3
m,o,r,e
m,e,d
l,o,w
u,n,a,c,c
h,i,g,h
h,i,g,h
3
m,o,r,e
m,e,d
m,e,d
a,c,c
h,i,g,h
h,i,g,h
3
m,o,r,e
m,e,d
h,i,g,h
a,c,c
h,i,g,h
h,i,g,h
3
m,o,r,e
b,i,g
l,o,w
u,n,a,c,c
h,i,g,h
h,i,g,h
3
m,o,r,e
b,i,g
m,e,d
a,c,c
h,i,g,h
h,i,g,h
3
m,o,r,e
b,i,g
h,i,g,h
a,c,c
h,i,g,h
h,i,g,h
4
m,o,r,e
s,m,a,l,l
l,o,w
u,n,a,c,c
h,i,g,h
h,i,g,h
4
m,o,r,e
s,m,a,l,l
m,e,d
u,n,a,c,c
h,i,g,h
h,i,g,h
4
m,o,r,e
s,m,a,l,l
h,i,g,h
a,c,c
h,i,g,h
h,i,g,h
4
m,o,r,e
m,e,d
l,o,w
u,n,a,c,c
h,i,g,h
h,i,g,h
4
m,o,r,e
m,e,d
m,e,d
a,c,c
h,i,g,h
h,i,g,h
4
m,o,r,e
m,e,d
h,i,g,h
a,c,c
h,i,g,h
h,i,g,h
4
m,o,r,e
b,i,g
l,o,w
u,n,a,c,c
h,i,g,h
h,i,g,h
4
m,o,r,e
b,i,g
m,e,d
a,c,c
h,i,g,h
h,i,g,h
4
m,o,r,e
b,i,g
h,i,g,h
a,c,c
h,i,g,h
h,i,g,h
5,m,o,r,e
m,o,r,e
s,m,a,l,l
l,o,w
u,n,a,c,c
h,i,g,h
h,i,g,h
5,m,o,r,e
m,o,r,e
s,m,a,l,l
m,e,d
u,n,a,c,c
h,i,g,h
h,i,g,h
5,m,o,r,e
m,o,r,e
s,m,a,l,l
h,i,g,h
a,c,c
h,i,g,h
h,i,g,h
5,m,o,r,e
m,o,r,e
m,e,d
l,o,w
u,n,a,c,c
h,i,g,h
h,i,g,h
5,m,o,r,e
m,o,r,e
m,e,d
m,e,d
a,c,c
h,i,g,h
h,i,g,h
5,m,o,r,e
m,o,r,e
m,e,d
h,i,g,h
a,c,c
h,i,g,h
h,i,g,h
5,m,o,r,e
m,o,r,e
b,i,g
l,o,w
u,n,a,c,c
h,i,g,h
h,i,g,h
5,m,o,r,e
m,o,r,e
b,i,g
m,e,d
a,c,c
h,i,g,h
h,i,g,h
5,m,o,r,e
m,o,r,e
b,i,g
h,i,g,h
a,c,c
h,i,g,h
m,e,d
2
m,o,r,e
s,m,a,l,l
l,o,w
u,n,a,c,c
h,i,g,h
m,e,d
2
m,o,r,e
s,m,a,l,l
m,e,d
u,n,a,c,c
h,i,g,h
m,e,d
2
m,o,r,e
s,m,a,l,l
h,i,g,h
u,n,a,c,c
h,i,g,h
m,e,d
2
m,o,r,e
m,e,d
l,o,w
u,n,a,c,c
h,i,g,h
m,e,d
2
m,o,r,e
m,e,d
m,e,d
u,n,a,c,c
h,i,g,h
m,e,d
2
m,o,r,e
m,e,d
h,i,g,h
a,c,c
h,i,g,h
m,e,d
2
m,o,r,e
b,i,g
l,o,w
u,n,a,c,c
h,i,g,h
m,e,d
2
m,o,r,e
b,i,g
m,e,d
a,c,c
h,i,g,h
m,e,d
2
m,o,r,e
b,i,g
h,i,g,h
a,c,c
h,i,g,h
m,e,d
3
m,o,r,e
s,m,a,l,l
l,o,w
u,n,a,c,c
h,i,g,h
m,e,d
3
m,o,r,e
s,m,a,l,l
m,e,d
u,n,a,c,c
h,i,g,h
m,e,d
3
m,o,r,e
s,m,a,l,l
h,i,g,h
a,c,c
h,i,g,h
m,e,d
3
m,o,r,e
m,e,d
l,o,w
u,n,a,c,c
h,i,g,h
m,e,d
3
m,o,r,e
m,e,d
m,e,d
a,c,c
h,i,g,h
m,e,d
3
m,o,r,e
m,e,d
h,i,g,h
a,c,c
h,i,g,h
m,e,d
3
m,o,r,e
b,i,g
l,o,w
u,n,a,c,c
h,i,g,h
m,e,d
3
m,o,r,e
b,i,g
m,e,d
a,c,c
h,i,g,h
m,e,d
3
m,o,r,e
b,i,g
h,i,g,h
a,c,c
h,i,g,h
m,e,d
4
m,o,r,e
s,m,a,l,l
l,o,w
u,n,a,c,c
h,i,g,h
m,e,d
4
m,o,r,e
s,m,a,l,l
m,e,d
u,n,a,c,c
h,i,g,h
m,e,d
4
m,o,r,e
s,m,a,l,l
h,i,g,h
a,c,c
h,i,g,h
m,e,d
4
m,o,r,e
m,e,d
l,o,w
u,n,a,c,c
h,i,g,h
m,e,d
4
m,o,r,e
m,e,d
m,e,d
a,c,c
h,i,g,h
m,e,d
4
m,o,r,e
m,e,d
h,i,g,h
a,c,c
h,i,g,h
m,e,d
4
m,o,r,e
b,i,g
l,o,w
u,n,a,c,c
h,i,g,h
m,e,d
4
m,o,r,e
b,i,g
m,e,d
a,c,c
h,i,g,h
m,e,d
4
m,o,r,e
b,i,g
h,i,g,h
a,c,c
h,i,g,h
m,e,d
5,m,o,r,e
m,o,r,e
s,m,a,l,l
l,o,w
u,n,a,c,c
h,i,g,h
m,e,d
5,m,o,r,e
m,o,r,e
s,m,a,l,l
m,e,d
u,n,a,c,c
h,i,g,h
m,e,d
5,m,o,r,e
m,o,r,e
s,m,a,l,l
h,i,g,h
a,c,c
h,i,g,h
m,e,d
5,m,o,r,e
m,o,r,e
m,e,d
l,o,w
u,n,a,c,c
h,i,g,h
m,e,d
5,m,o,r,e
m,o,r,e
m,e,d
m,e,d
a,c,c
h,i,g,h
m,e,d
5,m,o,r,e
m,o,r,e
m,e,d
h,i,g,h
a,c,c
h,i,g,h
m,e,d
5,m,o,r,e
m,o,r,e
b,i,g
l,o,w
u,n,a,c,c
h,i,g,h
m,e,d
5,m,o,r,e
m,o,r,e
b,i,g
m,e,d
a,c,c
h,i,g,h
m,e,d
5,m,o,r,e
m,o,r,e
b,i,g
h,i,g,h
a,c,c
h,i,g,h
l,o,w
2
m,o,r,e
s,m,a,l,l
l,o,w
u,n,a,c,c
h,i,g,h
l,o,w
2
m,o,r,e
s,m,a,l,l
m,e,d
u,n,a,c,c
h,i,g,h
l,o,w
2
m,o,r,e
s,m,a,l,l
h,i,g,h
u,n,a,c,c
h,i,g,h
l,o,w
2
m,o,r,e
m,e,d
l,o,w
u,n,a,c,c
h,i,g,h
l,o,w
2
m,o,r,e
m,e,d
m,e,d
u,n,a,c,c
h,i,g,h
l,o,w
2
m,o,r,e
m,e,d
h,i,g,h
a,c,c
h,i,g,h
l,o,w
2
m,o,r,e
b,i,g
l,o,w
u,n,a,c,c
h,i,g,h
l,o,w
2
m,o,r,e
b,i,g
m,e,d
a,c,c
h,i,g,h
l,o,w
2
m,o,r,e
b,i,g
h,i,g,h
a,c,c
h,i,g,h
l,o,w
3
m,o,r,e
s,m,a,l,l
l,o,w
u,n,a,c,c
h,i,g,h
l,o,w
3
m,o,r,e
s,m,a,l,l
m,e,d
u,n,a,c,c
h,i,g,h
l,o,w
3
m,o,r,e
s,m,a,l,l
h,i,g,h
a,c,c
h,i,g,h
l,o,w
3
m,o,r,e
m,e,d
l,o,w
u,n,a,c,c
h,i,g,h
l,o,w
3
m,o,r,e
m,e,d
m,e,d
a,c,c
h,i,g,h
l,o,w
3
m,o,r,e
m,e,d
h,i,g,h
a,c,c
h,i,g,h
l,o,w
3
m,o,r,e
b,i,g
l,o,w
u,n,a,c,c
h,i,g,h
l,o,w
3
m,o,r,e
b,i,g
m,e,d
a,c,c
h,i,g,h
l,o,w
3
m,o,r,e
b,i,g
h,i,g,h
a,c,c
h,i,g,h
l,o,w
4
m,o,r,e
s,m,a,l,l
l,o,w
u,n,a,c,c
h,i,g,h
l,o,w
4
m,o,r,e
s,m,a,l,l
m,e,d
u,n,a,c,c
h,i,g,h
l,o,w
4
m,o,r,e
s,m,a,l,l
h,i,g,h
a,c,c
h,i,g,h
l,o,w
4
m,o,r,e
m,e,d
l,o,w
u,n,a,c,c
h,i,g,h
l,o,w
4
m,o,r,e
m,e,d
m,e,d
a,c,c
h,i,g,h
l,o,w
4
m,o,r,e
m,e,d
h,i,g,h
a,c,c
h,i,g,h
l,o,w
4
m,o,r,e
b,i,g
l,o,w
u,n,a,c,c
h,i,g,h
l,o,w
4
m,o,r,e
b,i,g
m,e,d
a,c,c
h,i,g,h
l,o,w
4
m,o,r,e
b,i,g
h,i,g,h
a,c,c
h,i,g,h
l,o,w
5,m,o,r,e
m,o,r,e
s,m,a,l,l
l,o,w
u,n,a,c,c
h,i,g,h
l,o,w
5,m,o,r,e
m,o,r,e
s,m,a,l,l
m,e,d
u,n,a,c,c
h,i,g,h
l,o,w
5,m,o,r,e
m,o,r,e
s,m,a,l,l
h,i,g,h
a,c,c
h,i,g,h
l,o,w
5,m,o,r,e
m,o,r,e
m,e,d
l,o,w
u,n,a,c,c
h,i,g,h
l,o,w
5,m,o,r,e
m,o,r,e
m,e,d
m,e,d
a,c,c
h,i,g,h
l,o,w
5,m,o,r,e
m,o,r,e
m,e,d
h,i,g,h
a,c,c
h,i,g,h
l,o,w
5,m,o,r,e
m,o,r,e
b,i,g
l,o,w
u,n,a,c,c
h,i,g,h
l,o,w
5,m,o,r,e
m,o,r,e
b,i,g
m,e,d
a,c,c
h,i,g,h
l,o,w
5,m,o,r,e
m,o,r,e
b,i,g
h,i,g,h
a,c,c
m,e,d
v,h,i,g,h
2
m,o,r,e
s,m,a,l,l
l,o,w
u,n,a,c,c
m,e,d
v,h,i,g,h
2
m,o,r,e
s,m,a,l,l
m,e,d
u,n,a,c,c
m,e,d
v,h,i,g,h
2
m,o,r,e
s,m,a,l,l
h,i,g,h
u,n,a,c,c
m,e,d
v,h,i,g,h
2
m,o,r,e
m,e,d
l,o,w
u,n,a,c,c
m,e,d
v,h,i,g,h
2
m,o,r,e
m,e,d
m,e,d
u,n,a,c,c
m,e,d
v,h,i,g,h
2
m,o,r,e
m,e,d
h,i,g,h
a,c,c
m,e,d
v,h,i,g,h
2
m,o,r,e
b,i,g
l,o,w
u,n,a,c,c
m,e,d
v,h,i,g,h
2
m,o,r,e
b,i,g
m,e,d
a,c,c
m,e,d
v,h,i,g,h
2
m,o,r,e
b,i,g
h,i,g,h
a,c,c
m,e,d
v,h,i,g,h
3
m,o,r,e
s,m,a,l,l
l,o,w
u,n,a,c,c
m,e,d
v,h,i,g,h
3
m,o,r,e
s,m,a,l,l
m,e,d
u,n,a,c,c
m,e,d
v,h,i,g,h
3
m,o,r,e
s,m,a,l,l
h,i,g,h
a,c,c
m,e,d
v,h,i,g,h
3
m,o,r,e
m,e,d
l,o,w
u,n,a,c,c
m,e,d
v,h,i,g,h
3
m,o,r,e
m,e,d
m,e,d
a,c,c
m,e,d
v,h,i,g,h
3
m,o,r,e
m,e,d
h,i,g,h
a,c,c
m,e,d
v,h,i,g,h
3
m,o,r,e
b,i,g
l,o,w
u,n,a,c,c
m,e,d
v,h,i,g,h
3
m,o,r,e
b,i,g
m,e,d
a,c,c
m,e,d
v,h,i,g,h
3
m,o,r,e
b,i,g
h,i,g,h
a,c,c
m,e,d
v,h,i,g,h
4
m,o,r,e
s,m,a,l,l
l,o,w
u,n,a,c,c
m,e,d
v,h,i,g,h
4
m,o,r,e
s,m,a,l,l
m,e,d
u,n,a,c,c
m,e,d
v,h,i,g,h
4
m,o,r,e
s,m,a,l,l
h,i,g,h
a,c,c
m,e,d
v,h,i,g,h
4
m,o,r,e
m,e,d
l,o,w
u,n,a,c,c
m,e,d
v,h,i,g,h
4
m,o,r,e
m,e,d
m,e,d
a,c,c
m,e,d
v,h,i,g,h
4
m,o,r,e
m,e,d
h,i,g,h
a,c,c
m,e,d
v,h,i,g,h
4
m,o,r,e
b,i,g
l,o,w
u,n,a,c,c
m,e,d
v,h,i,g,h
4
m,o,r,e
b,i,g
m,e,d
a,c,c
m,e,d
v,h,i,g,h
4
m,o,r,e
b,i,g
h,i,g,h
a,c,c
m,e,d
v,h,i,g,h
5,m,o,r,e
m,o,r,e
s,m,a,l,l
l,o,w
u,n,a,c,c
m,e,d
v,h,i,g,h
5,m,o,r,e
m,o,r,e
s,m,a,l,l
m,e,d
u,n,a,c,c
m,e,d
v,h,i,g,h
5,m,o,r,e
m,o,r,e
s,m,a,l,l
h,i,g,h
a,c,c
m,e,d
v,h,i,g,h
5,m,o,r,e
m,o,r,e
m,e,d
l,o,w
u,n,a,c,c
m,e,d
v,h,i,g,h
5,m,o,r,e
m,o,r,e
m,e,d
m,e,d
a,c,c
m,e,d
v,h,i,g,h
5,m,o,r,e
m,o,r,e
m,e,d
h,i,g,h
a,c,c
m,e,d
v,h,i,g,h
5,m,o,r,e
m,o,r,e
b,i,g
l,o,w
u,n,a,c,c
m,e,d
v,h,i,g,h
5,m,o,r,e
m,o,r,e
b,i,g
m,e,d
a,c,c
m,e,d
v,h,i,g,h
5,m,o,r,e
m,o,r,e
b,i,g
h,i,g,h
a,c,c
m,e,d
h,i,g,h
2
m,o,r,e
s,m,a,l,l
l,o,w
u,n,a,c,c
m,e,d
h,i,g,h
2
m,o,r,e
s,m,a,l,l
m,e,d
u,n,a,c,c
m,e,d
h,i,g,h
2
m,o,r,e
s,m,a,l,l
h,i,g,h
u,n,a,c,c
m,e,d
h,i,g,h
2
m,o,r,e
m,e,d
l,o,w
u,n,a,c,c
m,e,d
h,i,g,h
2
m,o,r,e
m,e,d
m,e,d
u,n,a,c,c
m,e,d
h,i,g,h
2
m,o,r,e
m,e,d
h,i,g,h
a,c,c
m,e,d
h,i,g,h
2
m,o,r,e
b,i,g
l,o,w
u,n,a,c,c
m,e,d
h,i,g,h
2
m,o,r,e
b,i,g
m,e,d
a,c,c
m,e,d
h,i,g,h
2
m,o,r,e
b,i,g
h,i,g,h
a,c,c
m,e,d
h,i,g,h
3
m,o,r,e
s,m,a,l,l
l,o,w
u,n,a,c,c
m,e,d
h,i,g,h
3
m,o,r,e
s,m,a,l,l
m,e,d
u,n,a,c,c
m,e,d
h,i,g,h
3
m,o,r,e
s,m,a,l,l
h,i,g,h
a,c,c
m,e,d
h,i,g,h
3
m,o,r,e
m,e,d
l,o,w
u,n,a,c,c
m,e,d
h,i,g,h
3
m,o,r,e
m,e,d
m,e,d
a,c,c
m,e,d
h,i,g,h
3
m,o,r,e
m,e,d
h,i,g,h
a,c,c
m,e,d
h,i,g,h
3
m,o,r,e
b,i,g
l,o,w
u,n,a,c,c
m,e,d
h,i,g,h
3
m,o,r,e
b,i,g
m,e,d
a,c,c
m,e,d
h,i,g,h
3
m,o,r,e
b,i,g
h,i,g,h
a,c,c
m,e,d
h,i,g,h
4
m,o,r,e
s,m,a,l,l
l,o,w
u,n,a,c,c
m,e,d
h,i,g,h
4
m,o,r,e
s,m,a,l,l
m,e,d
u,n,a,c,c
m,e,d
h,i,g,h
4
m,o,r,e
s,m,a,l,l
h,i,g,h
a,c,c
m,e,d
h,i,g,h
4
m,o,r,e
m,e,d
l,o,w
u,n,a,c,c
m,e,d
h,i,g,h
4
m,o,r,e
m,e,d
m,e,d
a,c,c
m,e,d
h,i,g,h
4
m,o,r,e
m,e,d
h,i,g,h
a,c,c
m,e,d
h,i,g,h
4
m,o,r,e
b,i,g
l,o,w
u,n,a,c,c
m,e,d
h,i,g,h
4
m,o,r,e
b,i,g
m,e,d
a,c,c
m,e,d
h,i,g,h
4
m,o,r,e
b,i,g
h,i,g,h
a,c,c
m,e,d
h,i,g,h
5,m,o,r,e
m,o,r,e
s,m,a,l,l
l,o,w
u,n,a,c,c
m,e,d
h,i,g,h
5,m,o,r,e
m,o,r,e
s,m,a,l,l
m,e,d
u,n,a,c,c
m,e,d
h,i,g,h
5,m,o,r,e
m,o,r,e
s,m,a,l,l
h,i,g,h
a,c,c
m,e,d
h,i,g,h
5,m,o,r,e
m,o,r,e
m,e,d
l,o,w
u,n,a,c,c
m,e,d
h,i,g,h
5,m,o,r,e
m,o,r,e
m,e,d
m,e,d
a,c,c
m,e,d
h,i,g,h
5,m,o,r,e
m,o,r,e
m,e,d
h,i,g,h
a,c,c
m,e,d
h,i,g,h
5,m,o,r,e
m,o,r,e
b,i,g
l,o,w
u,n,a,c,c
m,e,d
h,i,g,h
5,m,o,r,e
m,o,r,e
b,i,g
m,e,d
a,c,c
m,e,d
h,i,g,h
5,m,o,r,e
m,o,r,e
b,i,g
h,i,g,h
a,c,c
m,e,d
m,e,d
2
m,o,r,e
s,m,a,l,l
l,o,w
u,n,a,c,c
m,e,d
m,e,d
2
m,o,r,e
s,m,a,l,l
m,e,d
u,n,a,c,c
m,e,d
m,e,d
2
m,o,r,e
s,m,a,l,l
h,i,g,h
u,n,a,c,c
m,e,d
m,e,d
2
m,o,r,e
m,e,d
l,o,w
u,n,a,c,c
m,e,d
m,e,d
2
m,o,r,e
m,e,d
m,e,d
a,c,c
m,e,d
m,e,d
2
m,o,r,e
m,e,d
h,i,g,h
a,c,c
m,e,d
m,e,d
2
m,o,r,e
b,i,g
l,o,w
u,n,a,c,c
m,e,d
m,e,d
2
m,o,r,e
b,i,g
m,e,d
a,c,c
m,e,d
m,e,d
2
m,o,r,e
b,i,g
h,i,g,h
v,g,o,o,d
m,e,d
m,e,d
3
m,o,r,e
s,m,a,l,l
l,o,w
u,n,a,c,c
m,e,d
m,e,d
3
m,o,r,e
s,m,a,l,l
m,e,d
a,c,c
m,e,d
m,e,d
3
m,o,r,e
s,m,a,l,l
h,i,g,h
a,c,c
m,e,d
m,e,d
3
m,o,r,e
m,e,d
l,o,w
u,n,a,c,c
m,e,d
m,e,d
3
m,o,r,e
m,e,d
m,e,d
a,c,c
m,e,d
m,e,d
3
m,o,r,e
m,e,d
h,i,g,h
v,g,o,o,d
m,e,d
m,e,d
3
m,o,r,e
b,i,g
l,o,w
u,n,a,c,c
m,e,d
m,e,d
3
m,o,r,e
b,i,g
m,e,d
a,c,c
m,e,d
m,e,d
3
m,o,r,e
b,i,g
h,i,g,h
v,g,o,o,d
m,e,d
m,e,d
4
m,o,r,e
s,m,a,l,l
l,o,w
u,n,a,c,c
m,e,d
m,e,d
4
m,o,r,e
s,m,a,l,l
m,e,d
a,c,c
m,e,d
m,e,d
4
m,o,r,e
s,m,a,l,l
h,i,g,h
a,c,c
m,e,d
m,e,d
4
m,o,r,e
m,e,d
l,o,w
u,n,a,c,c
m,e,d
m,e,d
4
m,o,r,e
m,e,d
m,e,d
a,c,c
m,e,d
m,e,d
4
m,o,r,e
m,e,d
h,i,g,h
v,g,o,o,d
m,e,d
m,e,d
4
m,o,r,e
b,i,g
l,o,w
u,n,a,c,c
m,e,d
m,e,d
4
m,o,r,e
b,i,g
m,e,d
a,c,c
m,e,d
m,e,d
4
m,o,r,e
b,i,g
h,i,g,h
v,g,o,o,d
m,e,d
m,e,d
5,m,o,r,e
m,o,r,e
s,m,a,l,l
l,o,w
u,n,a,c,c
m,e,d
m,e,d
5,m,o,r,e
m,o,r,e
s,m,a,l,l
m,e,d
a,c,c
m,e,d
m,e,d
5,m,o,r,e
m,o,r,e
s,m,a,l,l
h,i,g,h
a,c,c
m,e,d
m,e,d
5,m,o,r,e
m,o,r,e
m,e,d
l,o,w
u,n,a,c,c
m,e,d
m,e,d
5,m,o,r,e
m,o,r,e
m,e,d
m,e,d
a,c,c
m,e,d
m,e,d
5,m,o,r,e
m,o,r,e
m,e,d
h,i,g,h
v,g,o,o,d
m,e,d
m,e,d
5,m,o,r,e
m,o,r,e
b,i,g
l,o,w
u,n,a,c,c
m,e,d
m,e,d
5,m,o,r,e
m,o,r,e
b,i,g
m,e,d
a,c,c
m,e,d
m,e,d
5,m,o,r,e
m,o,r,e
b,i,g
h,i,g,h
v,g,o,o,d
m,e,d
l,o,w
2
m,o,r,e
s,m,a,l,l
l,o,w
u,n,a,c,c
m,e,d
l,o,w
2
m,o,r,e
s,m,a,l,l
m,e,d
u,n,a,c,c
m,e,d
l,o,w
2
m,o,r,e
s,m,a,l,l
h,i,g,h
u,n,a,c,c
m,e,d
l,o,w
2
m,o,r,e
m,e,d
l,o,w
u,n,a,c,c
m,e,d
l,o,w
2
m,o,r,e
m,e,d
m,e,d
a,c,c
m,e,d
l,o,w
2
m,o,r,e
m,e,d
h,i,g,h
g,o,o,d
m,e,d
l,o,w
2
m,o,r,e
b,i,g
l,o,w
u,n,a,c,c
m,e,d
l,o,w
2
m,o,r,e
b,i,g
m,e,d
g,o,o,d
m,e,d
l,o,w
2
m,o,r,e
b,i,g
h,i,g,h
v,g,o,o,d
m,e,d
l,o,w
3
m,o,r,e
s,m,a,l,l
l,o,w
u,n,a,c,c
m,e,d
l,o,w
3
m,o,r,e
s,m,a,l,l
m,e,d
a,c,c
m,e,d
l,o,w
3
m,o,r,e
s,m,a,l,l
h,i,g,h
g,o,o,d
m,e,d
l,o,w
3
m,o,r,e
m,e,d
l,o,w
u,n,a,c,c
m,e,d
l,o,w
3
m,o,r,e
m,e,d
m,e,d
g,o,o,d
m,e,d
l,o,w
3
m,o,r,e
m,e,d
h,i,g,h
v,g,o,o,d
m,e,d
l,o,w
3
m,o,r,e
b,i,g
l,o,w
u,n,a,c,c
m,e,d
l,o,w
3
m,o,r,e
b,i,g
m,e,d
g,o,o,d
m,e,d
l,o,w
3
m,o,r,e
b,i,g
h,i,g,h
v,g,o,o,d
m,e,d
l,o,w
4
m,o,r,e
s,m,a,l,l
l,o,w
u,n,a,c,c
m,e,d
l,o,w
4
m,o,r,e
s,m,a,l,l
m,e,d
a,c,c
m,e,d
l,o,w
4
m,o,r,e
s,m,a,l,l
h,i,g,h
g,o,o,d
m,e,d
l,o,w
4
m,o,r,e
m,e,d
l,o,w
u,n,a,c,c
m,e,d
l,o,w
4
m,o,r,e
m,e,d
m,e,d
g,o,o,d
m,e,d
l,o,w
4
m,o,r,e
m,e,d
h,i,g,h
v,g,o,o,d
m,e,d
l,o,w
4
m,o,r,e
b,i,g
l,o,w
u,n,a,c,c
m,e,d
l,o,w
4
m,o,r,e
b,i,g
m,e,d
g,o,o,d
m,e,d
l,o,w
4
m,o,r,e
b,i,g
h,i,g,h
v,g,o,o,d
m,e,d
l,o,w
5,m,o,r,e
m,o,r,e
s,m,a,l,l
l,o,w
u,n,a,c,c
m,e,d
l,o,w
5,m,o,r,e
m,o,r,e
s,m,a,l,l
m,e,d
a,c,c
m,e,d
l,o,w
5,m,o,r,e
m,o,r,e
s,m,a,l,l
h,i,g,h
g,o,o,d
m,e,d
l,o,w
5,m,o,r,e
m,o,r,e
m,e,d
l,o,w
u,n,a,c,c
m,e,d
l,o,w
5,m,o,r,e
m,o,r,e
m,e,d
m,e,d
g,o,o,d
m,e,d
l,o,w
5,m,o,r,e
m,o,r,e
m,e,d
h,i,g,h
v,g,o,o,d
m,e,d
l,o,w
5,m,o,r,e
m,o,r,e
b,i,g
l,o,w
u,n,a,c,c
m,e,d
l,o,w
5,m,o,r,e
m,o,r,e
b,i,g
m,e,d
g,o,o,d
m,e,d
l,o,w
5,m,o,r,e
m,o,r,e
b,i,g
h,i,g,h
v,g,o,o,d
l,o,w
v,h,i,g,h
2
m,o,r,e
s,m,a,l,l
l,o,w
u,n,a,c,c
l,o,w
v,h,i,g,h
2
m,o,r,e
s,m,a,l,l
m,e,d
u,n,a,c,c
l,o,w
v,h,i,g,h
2
m,o,r,e
s,m,a,l,l
h,i,g,h
u,n,a,c,c
l,o,w
v,h,i,g,h
2
m,o,r,e
m,e,d
l,o,w
u,n,a,c,c
l,o,w
v,h,i,g,h
2
m,o,r,e
m,e,d
m,e,d
u,n,a,c,c
l,o,w
v,h,i,g,h
2
m,o,r,e
m,e,d
h,i,g,h
a,c,c
l,o,w
v,h,i,g,h
2
m,o,r,e
b,i,g
l,o,w
u,n,a,c,c
l,o,w
v,h,i,g,h
2
m,o,r,e
b,i,g
m,e,d
a,c,c
l,o,w
v,h,i,g,h
2
m,o,r,e
b,i,g
h,i,g,h
a,c,c
l,o,w
v,h,i,g,h
3
m,o,r,e
s,m,a,l,l
l,o,w
u,n,a,c,c
l,o,w
v,h,i,g,h
3
m,o,r,e
s,m,a,l,l
m,e,d
u,n,a,c,c
l,o,w
v,h,i,g,h
3
m,o,r,e
s,m,a,l,l
h,i,g,h
a,c,c
l,o,w
v,h,i,g,h
3
m,o,r,e
m,e,d
l,o,w
u,n,a,c,c
l,o,w
v,h,i,g,h
3
m,o,r,e
m,e,d
m,e,d
a,c,c
l,o,w
v,h,i,g,h
3
m,o,r,e
m,e,d
h,i,g,h
a,c,c
l,o,w
v,h,i,g,h
3
m,o,r,e
b,i,g
l,o,w
u,n,a,c,c
l,o,w
v,h,i,g,h
3
m,o,r,e
b,i,g
m,e,d
a,c,c
l,o,w
v,h,i,g,h
3
m,o,r,e
b,i,g
h,i,g,h
a,c,c
l,o,w
v,h,i,g,h
4
m,o,r,e
s,m,a,l,l
l,o,w
u,n,a,c,c
l,o,w
v,h,i,g,h
4
m,o,r,e
s,m,a,l,l
m,e,d
u,n,a,c,c
l,o,w
v,h,i,g,h
4
m,o,r,e
s,m,a,l,l
h,i,g,h
a,c,c
l,o,w
v,h,i,g,h
4
m,o,r,e
m,e,d
l,o,w
u,n,a,c,c
l,o,w
v,h,i,g,h
4
m,o,r,e
m,e,d
m,e,d
a,c,c
l,o,w
v,h,i,g,h
4
m,o,r,e
m,e,d
h,i,g,h
a,c,c
l,o,w
v,h,i,g,h
4
m,o,r,e
b,i,g
l,o,w
u,n,a,c,c
l,o,w
v,h,i,g,h
4
m,o,r,e
b,i,g
m,e,d
a,c,c
l,o,w
v,h,i,g,h
4
m,o,r,e
b,i,g
h,i,g,h
a,c,c
l,o,w
v,h,i,g,h
5,m,o,r,e
m,o,r,e
s,m,a,l,l
l,o,w
u,n,a,c,c
l,o,w
v,h,i,g,h
5,m,o,r,e
m,o,r,e
s,m,a,l,l
m,e,d
u,n,a,c,c
l,o,w
v,h,i,g,h
5,m,o,r,e
m,o,r,e
s,m,a,l,l
h,i,g,h
a,c,c
l,o,w
v,h,i,g,h
5,m,o,r,e
m,o,r,e
m,e,d
l,o,w
u,n,a,c,c
l,o,w
v,h,i,g,h
5,m,o,r,e
m,o,r,e
m,e,d
m,e,d
a,c,c
l,o,w
v,h,i,g,h
5,m,o,r,e
m,o,r,e
m,e,d
h,i,g,h
a,c,c
l,o,w
v,h,i,g,h
5,m,o,r,e
m,o,r,e
b,i,g
l,o,w
u,n,a,c,c
l,o,w
v,h,i,g,h
5,m,o,r,e
m,o,r,e
b,i,g
m,e,d
a,c,c
l,o,w
v,h,i,g,h
5,m,o,r,e
m,o,r,e
b,i,g
h,i,g,h
a,c,c
l,o,w
h,i,g,h
2
m,o,r,e
s,m,a,l,l
l,o,w
u,n,a,c,c
l,o,w
h,i,g,h
2
m,o,r,e
s,m,a,l,l
m,e,d
u,n,a,c,c
l,o,w
h,i,g,h
2
m,o,r,e
s,m,a,l,l
h,i,g,h
u,n,a,c,c
l,o,w
h,i,g,h
2
m,o,r,e
m,e,d
l,o,w
u,n,a,c,c
l,o,w
h,i,g,h
2
m,o,r,e
m,e,d
m,e,d
a,c,c
l,o,w
h,i,g,h
2
m,o,r,e
m,e,d
h,i,g,h
a,c,c
l,o,w
h,i,g,h
2
m,o,r,e
b,i,g
l,o,w
u,n,a,c,c
l,o,w
h,i,g,h
2
m,o,r,e
b,i,g
m,e,d
a,c,c
l,o,w
h,i,g,h
2
m,o,r,e
b,i,g
h,i,g,h
v,g,o,o,d
l,o,w
h,i,g,h
3
m,o,r,e
s,m,a,l,l
l,o,w
u,n,a,c,c
l,o,w
h,i,g,h
3
m,o,r,e
s,m,a,l,l
m,e,d
a,c,c
l,o,w
h,i,g,h
3
m,o,r,e
s,m,a,l,l
h,i,g,h
a,c,c
l,o,w
h,i,g,h
3
m,o,r,e
m,e,d
l,o,w
u,n,a,c,c
l,o,w
h,i,g,h
3
m,o,r,e
m,e,d
m,e,d
a,c,c
l,o,w
h,i,g,h
3
m,o,r,e
m,e,d
h,i,g,h
v,g,o,o,d
l,o,w
h,i,g,h
3
m,o,r,e
b,i,g
l,o,w
u,n,a,c,c
l,o,w
h,i,g,h
3
m,o,r,e
b,i,g
m,e,d
a,c,c
l,o,w
h,i,g,h
3
m,o,r,e
b,i,g
h,i,g,h
v,g,o,o,d
l,o,w
h,i,g,h
4
m,o,r,e
s,m,a,l,l
l,o,w
u,n,a,c,c
l,o,w
h,i,g,h
4
m,o,r,e
s,m,a,l,l
m,e,d
a,c,c
l,o,w
h,i,g,h
4
m,o,r,e
s,m,a,l,l
h,i,g,h
a,c,c
l,o,w
h,i,g,h
4
m,o,r,e
m,e,d
l,o,w
u,n,a,c,c
l,o,w
h,i,g,h
4
m,o,r,e
m,e,d
m,e,d
a,c,c
l,o,w
h,i,g,h
4
m,o,r,e
m,e,d
h,i,g,h
v,g,o,o,d
l,o,w
h,i,g,h
4
m,o,r,e
b,i,g
l,o,w
u,n,a,c,c
l,o,w
h,i,g,h
4
m,o,r,e
b,i,g
m,e,d
a,c,c
l,o,w
h,i,g,h
4
m,o,r,e
b,i,g
h,i,g,h
v,g,o,o,d
l,o,w
h,i,g,h
5,m,o,r,e
m,o,r,e
s,m,a,l,l
l,o,w
u,n,a,c,c
l,o,w
h,i,g,h
5,m,o,r,e
m,o,r,e
s,m,a,l,l
m,e,d
a,c,c
l,o,w
h,i,g,h
5,m,o,r,e
m,o,r,e
s,m,a,l,l
h,i,g,h
a,c,c
l,o,w
h,i,g,h
5,m,o,r,e
m,o,r,e
m,e,d
l,o,w
u,n,a,c,c
l,o,w
h,i,g,h
5,m,o,r,e
m,o,r,e
m,e,d
m,e,d
a,c,c
l,o,w
h,i,g,h
5,m,o,r,e
m,o,r,e
m,e,d
h,i,g,h
v,g,o,o,d
l,o,w
h,i,g,h
5,m,o,r,e
m,o,r,e
b,i,g
l,o,w
u,n,a,c,c
l,o,w
h,i,g,h
5,m,o,r,e
m,o,r,e
b,i,g
m,e,d
a,c,c
l,o,w
h,i,g,h
5,m,o,r,e
m,o,r,e
b,i,g
h,i,g,h
v,g,o,o,d
l,o,w
m,e,d
2
m,o,r,e
s,m,a,l,l
l,o,w
u,n,a,c,c
l,o,w
m,e,d
2
m,o,r,e
s,m,a,l,l
m,e,d
u,n,a,c,c
l,o,w
m,e,d
2
m,o,r,e
s,m,a,l,l
h,i,g,h
u,n,a,c,c
l,o,w
m,e,d
2
m,o,r,e
m,e,d
l,o,w
u,n,a,c,c
l,o,w
m,e,d
2
m,o,r,e
m,e,d
m,e,d
a,c,c
l,o,w
m,e,d
2
m,o,r,e
m,e,d
h,i,g,h
g,o,o,d
l,o,w
m,e,d
2
m,o,r,e
b,i,g
l,o,w
u,n,a,c,c
l,o,w
m,e,d
2
m,o,r,e
b,i,g
m,e,d
g,o,o,d
l,o,w
m,e,d
2
m,o,r,e
b,i,g
h,i,g,h
v,g,o,o,d
l,o,w
m,e,d
3
m,o,r,e
s,m,a,l,l
l,o,w
u,n,a,c,c
l,o,w
m,e,d
3
m,o,r,e
s,m,a,l,l
m,e,d
a,c,c
l,o,w
m,e,d
3
m,o,r,e
s,m,a,l,l
h,i,g,h
g,o,o,d
l,o,w
m,e,d
3
m,o,r,e
m,e,d
l,o,w
u,n,a,c,c
l,o,w
m,e,d
3
m,o,r,e
m,e,d
m,e,d
g,o,o,d
l,o,w
m,e,d
3
m,o,r,e
m,e,d
h,i,g,h
v,g,o,o,d
l,o,w
m,e,d
3
m,o,r,e
b,i,g
l,o,w
u,n,a,c,c
l,o,w
m,e,d
3
m,o,r,e
b,i,g
m,e,d
g,o,o,d
l,o,w
m,e,d
3
m,o,r,e
b,i,g
h,i,g,h
v,g,o,o,d
l,o,w
m,e,d
4
m,o,r,e
s,m,a,l,l
l,o,w
u,n,a,c,c
l,o,w
m,e,d
4
m,o,r,e
s,m,a,l,l
m,e,d
a,c,c
l,o,w
m,e,d
4
m,o,r,e
s,m,a,l,l
h,i,g,h
g,o,o,d
l,o,w
m,e,d
4
m,o,r,e
m,e,d
l,o,w
u,n,a,c,c
l,o,w
m,e,d
4
m,o,r,e
m,e,d
m,e,d
g,o,o,d
l,o,w
m,e,d
4
m,o,r,e
m,e,d
h,i,g,h
v,g,o,o,d
l,o,w
m,e,d
4
m,o,r,e
b,i,g
l,o,w
u,n,a,c,c
l,o,w
m,e,d
4
m,o,r,e
b,i,g
m,e,d
g,o,o,d
l,o,w
m,e,d
4
m,o,r,e
b,i,g
h,i,g,h
v,g,o,o,d
l,o,w
m,e,d
5,m,o,r,e
m,o,r,e
s,m,a,l,l
l,o,w
u,n,a,c,c
l,o,w
m,e,d
5,m,o,r,e
m,o,r,e
s,m,a,l,l
m,e,d
a,c,c
l,o,w
m,e,d
5,m,o,r,e
m,o,r,e
s,m,a,l,l
h,i,g,h
g,o,o,d
l,o,w
m,e,d
5,m,o,r,e
m,o,r,e
m,e,d
l,o,w
u,n,a,c,c
l,o,w
m,e,d
5,m,o,r,e
m,o,r,e
m,e,d
m,e,d
g,o,o,d
l,o,w
m,e,d
5,m,o,r,e
m,o,r,e
m,e,d
h,i,g,h
v,g,o,o,d
l,o,w
m,e,d
5,m,o,r,e
m,o,r,e
b,i,g
l,o,w
u,n,a,c,c
l,o,w
m,e,d
5,m,o,r,e
m,o,r,e
b,i,g
m,e,d
g,o,o,d
l,o,w
m,e,d
5,m,o,r,e
m,o,r,e
b,i,g
h,i,g,h
v,g,o,o,d
l,o,w
l,o,w
2
m,o,r,e
s,m,a,l,l
l,o,w
u,n,a,c,c
l,o,w
l,o,w
2
m,o,r,e
s,m,a,l,l
m,e,d
u,n,a,c,c
l,o,w
l,o,w
2
m,o,r,e
s,m,a,l,l
h,i,g,h
u,n,a,c,c
l,o,w
l,o,w
2
m,o,r,e
m,e,d
l,o,w
u,n,a,c,c
l,o,w
l,o,w
2
m,o,r,e
m,e,d
m,e,d
a,c,c
l,o,w
l,o,w
2
m,o,r,e
m,e,d
h,i,g,h
g,o,o,d
l,o,w
l,o,w
2
m,o,r,e
b,i,g
l,o,w
u,n,a,c,c
l,o,w
l,o,w
2
m,o,r,e
b,i,g
m,e,d
g,o,o,d
l,o,w
l,o,w
2
m,o,r,e
b,i,g
h,i,g,h
v,g,o,o,d
l,o,w
l,o,w
3
m,o,r,e
s,m,a,l,l
l,o,w
u,n,a,c,c
l,o,w
l,o,w
3
m,o,r,e
s,m,a,l,l
m,e,d
a,c,c
l,o,w
l,o,w
3
m,o,r,e
s,m,a,l,l
h,i,g,h
g,o,o,d
l,o,w
l,o,w
3
m,o,r,e
m,e,d
l,o,w
u,n,a,c,c
l,o,w
l,o,w
3
m,o,r,e
m,e,d
m,e,d
g,o,o,d
l,o,w
l,o,w
3
m,o,r,e
m,e,d
h,i,g,h
v,g,o,o,d
l,o,w
l,o,w
3
m,o,r,e
b,i,g
l,o,w
u,n,a,c,c
l,o,w
l,o,w
3
m,o,r,e
b,i,g
m,e,d
g,o,o,d
l,o,w
l,o,w
3
m,o,r,e
b,i,g
h,i,g,h
v,g,o,o,d
l,o,w
l,o,w
4
m,o,r,e
s,m,a,l,l
l,o,w
u,n,a,c,c
l,o,w
l,o,w
4
m,o,r,e
s,m,a,l,l
m,e,d
a,c,c
l,o,w
l,o,w
4
m,o,r,e
s,m,a,l,l
h,i,g,h
g,o,o,d
l,o,w
l,o,w
4
m,o,r,e
m,e,d
l,o,w
u,n,a,c,c
l,o,w
l,o,w
4
m,o,r,e
m,e,d
m,e,d
g,o,o,d
l,o,w
l,o,w
4
m,o,r,e
m,e,d
h,i,g,h
v,g,o,o,d
l,o,w
l,o,w
4
m,o,r,e
b,i,g
l,o,w
u,n,a,c,c
l,o,w
l,o,w
4
m,o,r,e
b,i,g
m,e,d
g,o,o,d
l,o,w
l,o,w
4
m,o,r,e
b,i,g
h,i,g,h
v,g,o,o,d
l,o,w
l,o,w
5,m,o,r,e
m,o,r,e
s,m,a,l,l
l,o,w
u,n,a,c,c
l,o,w
l,o,w
5,m,o,r,e
m,o,r,e
s,m,a,l,l
m,e,d
a,c,c
l,o,w
l,o,w
5,m,o,r,e
m,o,r,e
s,m,a,l,l
h,i,g,h
g,o,o,d
l,o,w
l,o,w
5,m,o,r,e
m,o,r,e
m,e,d
l,o,w
u,n,a,c,c
l,o,w
l,o,w
5,m,o,r,e
m,o,r,e
m,e,d
m,e,d
g,o,o,d
l,o,w
l,o,w
5,m,o,r,e
m,o,r,e
m,e,d
h,i,g,h
v,g,o,o,d
l,o,w
l,o,w
5,m,o,r,e
m,o,r,e
b,i,g
l,o,w
u,n,a,c,c
l,o,w
l,o,w
5,m,o,r,e
m,o,r,e
b,i,g
m,e,d
g,o,o,d
l,o,w
l,o,w
5,m,o,r,e
m,o,r,e
b,i,g
h,i,g,h
v,g,o,o,d
